Transaction ID,Date,Type,Category,Department,Description,Amount (USD),Currency,Rep / Vendor,Month,Quarter,Notes
TXN-1003,09-01-2024,Revenue,Subscription,Sales Dept,Subscription - Pinnacle Systems,68037.03,USD,James Okafor,Jan,Q1,
TXN-1519,2024-12-25,Expense,Cloud Infrastructure,cloud infra,Contractor - Delta Airlines,39375.28,USD,Delta Airlines,Dec,Q4,
TXN-1083,03/20/2024,Revenue,Subscription,Sales Dept,Subscription - Redwood Partners,251866.75,USD,Aisha Rahman,Mar,Q1,
TXN-1428,"October 22, 2024",Expense,Cloud Infrastructure,CLOUD,Salary - Accenture,22219.83,USD,Accenture,Oct,Q4,
TXN-1276,03-07-2024,Expense,Marketing,marketing,Salary - Hilton Hotels,54150.77,USD,Hilton Hotels,Jul,Q3,
TXN-1129,"April 14, 2024",Revenue,Licensing,sales,Licensing - Redwood Partners,6708.47,USD,Priya Nair,Apr,Q2,
TXN-1348,2024-09-15,Revenue,Subscription,sales,Subscription - Apex Retail,149903.37,USD,Kwame Asante,Sep,Q3,
TXN-1295,07/21/2024,Expense,Cloud Infrastructure,Cloud,Legal - Salesforce,10013.89,GBP,Salesforce,Jul,Q3,
TXN-1170,10-05-2024,Revenue,Professional Services,Sales Dept,Professional Services - Altura Health,21411.91,USD,Kwame Asante,May,Q2,
TXN-1379,Sep-24,Expense,G&A,G and A,Legal - WeWork,9918.62,USD,WeWork,Sep,Q3,
TXN-1131,06/04/2024,Revenue,Licensing,SALES,Licensing - BlueSky Logistics,6750.78,USD,Kwame Asante,Apr,Q2,
TXN-1117,Mar-24,Expense,Cloud Infrastructure,Cloud,Recruiting - Randstad,16812.38,USD,Randstad,Mar,Q1,
TXN-1328,Aug-24,Expense,Engineering,Eng,Salary - Delta Airlines,21612.23,USD,Delta Airlines,Aug,Q3,
TXN-1225,2024-06-28,Expense,Sales,Sales,Ad Spend - Hilton Hotels,10129.21,USD,Hilton Hotels,Jun,Q2,
TXN-1369,2024-09-05,Expense,Engineering,Eng,Software License - Slack,32562.8,USD,Slack,Sep,Q3,
TXN-1272,02-07-2024,Expense,Sales,Sales Dept,AWS/Cloud - Delta Airlines,24078.44,USD,Delta Airlines,Jul,Q3,
TXN-1058,02/20/2024,Expense,Marketing,Mktg,Travel - Hilton Hotels,29097.3,USD,Hilton Hotels,Feb,Q1,
TXN-1001,Jan-24,Revenue,Subscription,Sales,Subscription - Redwood Partners,559559.73,USD,Sofia Andersen,Jan,Q1,
TXN-1256,26-07-2024,Revenue,Subscription,sales,Subscription - TechNova Ltd,105296.87,USD,Tom Bradley,Jul,Q3,
TXN-1253,"July 06, 2024",Revenue,Subscription,sales,Subscription - Apex Retail,138733.49,USD,Daniel Müller,Jul,Q3,
TXN-1471,23-11-2024,Expense,Cloud Infrastructure,cloud infra,PR Agency - Zoom,33435.12,USD,Zoom,Nov,Q4,
TXN-1385,09/23/2024,Expense,Cloud Infrastructure,Cloud Infra,Ad Spend - Linklaters LLP,18638.21,USD,Linklaters LLP,Sep,Q3,
TXN-1389,10/10/2024,Revenue,Subscription,SALES,Subscription - TechNova Ltd,90215.59,USD,Daniel Müller,Oct,Q4,
TXN-1402,"October 13, 2024",Revenue,Licensing,Sales,Licensing - Altura Health,7490.67,USD,Tom Bradley,Oct,Q4,
TXN-1279,"July 26, 2024",Expense,Engineering,R&D,Ad Spend - Zoom,26135.97,USD,Zoom,Jul,Q3,
TXN-1199,"May 14, 2024",Expense,G&A,G&A,PR Agency - Delta Airlines,12105.45,USD,Delta Airlines,May,Q2,
TXN-1206,2024-05-22,Expense,Cloud Infrastructure,Cloud Infrastructure,Software License - Randstad,24138.1,USD,Randstad,May,Q2,
TXN-1045,2024-02-05,Revenue,Professional Services,SALES,Professional Services - Synapse AI,20871.91,USD,Kwame Asante,Feb,Q1,
TXN-1517,12/05/2024,Expense,Cloud Infrastructure,cloud infra,Salary - AWS,37997.96,USD,AWS,Dec,Q4,
TXN-1108,2024-03-25,Expense,Customer Success,Customer Suc.,AWS/Cloud - Randstad,22421.75,USD,Randstad,Mar,Q1,
TXN-1334,"August 08, 2024",Expense,Customer Success,CS,Travel - Slack,12571.55,USD,Slack,Aug,Q3,
TXN-1032,22/01/2024,Expense,G&A,General & Admin,Ad Spend - WeWork,12219.14,USD,WeWork,Jan,Q1,
TXN-1232,06/06/2024,Expense,Engineering,Eng,Software License - Linklaters LLP,30079.33,USD,Linklaters LLP,Jun,Q2,
TXN-1159,28-04-2024,Expense,Cloud Infrastructure,CLOUD,Ad Spend - Delta Airlines,13746.82,USD,Delta Airlines,Apr,Q2,
TXN-1118,20-03-2024,Expense,Cloud Infrastructure,Cloud Infrastructure,Travel - Slack,18874.72,USD,Slack,Mar,Q1,
TXN-1211,2024-06-28,Revenue,Subscription,SALES,Subscription - Orion Media,144260.58,USD,Priya Nair,Jun,Q2,
TXN-1352,"September 19, 2024",Revenue,Professional Services,SALES,Professional Services - Vertex Analytics,24777.81,USD,James Okafor,Sep,Q3,
TXN-1374,19-09-2024,Expense,Customer Success,CS,Travel - Linklaters LLP,27990.06,USD,Linklaters LLP,Sep,Q3,
TXN-1229,06/03/2024,Expense,Marketing,MARKETING,AWS/Cloud - WeWork,58324.51,USD,WeWork,Jun,Q2,
TXN-1212,01-06-2024,Revenue,Professional Services,SALES,Professional Services - Vertex Analytics,28569.62,USD,Daniel Müller,Jun,Q2,
TXN-1280,15/07/2024,Expense,Engineering,engineering,Office Supplies - WeWork,17996.1,USD,WeWork,Jul,Q3,
TXN-1148,04/16/2024,Expense,Engineering,R&D,Legal - HubSpot,36377.1,USD,HubSpot,Apr,Q2,
TXN-1145,2024-04-18,Expense,Engineering,Engineering,Travel - WeWork,26734.12,USD,WeWork,,,
TXN-1094,15-03-2024,Revenue,Licensing,Sales Dept,Licensing - Orion Media,6371.57,USD,Lena Fischer,Mar,Q1,
TXN-1168,28/05/2024,Revenue,Professional Services,Sales Dept,Professional Services - TechNova Ltd,14601.16,USD,Kwame Asante,May,Q2,
TXN-1220,22/06/2024,Revenue,Licensing,sales,Licensing - Altura Health,8918.29,USD,Kwame Asante,Jun,Q2,
TXN-1222,07-06-2024,Revenue,Licensing,SALES,Licensing - Vertex Analytics,6040.53,USD,Daniel Müller,Jun,Q2,
TXN-1091,2024-03-20,Revenue,Licensing,Sales,Licensing - ClearPath Finance,7976.65,USD,James Okafor,Mar,Q1,
TXN-1478,"December 10, 2024",Revenue,Subscription,Sales,Subscription - Vertex Analytics,192445.88,USD,Daniel Müller,Dec,Q4,
TXN-1035,2024-01-28,Expense,Cloud Infrastructure,cloud infra,Legal - Google Cloud,46810.09,USD,Google Cloud,Jan,Q1,
TXN-1246,19-06-2024,Expense,Cloud Infrastructure,Cloud Infra,AWS/Cloud - Delta Airlines,26973.1,USD,Delta Airlines,Jun,Q2,
TXN-1318,"August 25, 2024",Expense,Sales,SALES,Recruiting - Omnicom Group,10669.47,USD,Omnicom Group,Aug,Q3,
TXN-1486,Dec-24,Revenue,Professional Services,Sales,Professional Services - Globex Corp,24516.69,USD,Daniel Müller,Dec,Q4,
TXN-1448,20-11-2024,Revenue,Licensing,Sales,Licensing - BlueSky Logistics,6484.32,USD,Aisha Rahman,Nov,Q4,
TXN-1301,08/31/2024,Revenue,Subscription,SALES,Subscription - Globex Corp,234800.48,USD,Kwame Asante,Aug,Q3,
TXN-1134,Apr-24,Revenue,Licensing,SALES,Licensing - ClearPath Finance,11239.35,USD,James Okafor,Apr,Q2,
TXN-1354,"September 10, 2024",Revenue,Professional Services,SALES,Professional Services - ClearPath Finance,13928.63,USD,Daniel Müller,Sep,Q3,
TXN-1128,18/04/2024,Revenue,Professional Services,Sales,Professional Services - Pinnacle Systems,50605.28,USD,Priya Nair,Apr,Q2,
TXN-1292,"July 07, 2024",Expense,Cloud Infrastructure,Cloud Infra,Software License - Google Cloud,35318.3,USD,Google Cloud,Jul,Q3,
TXN-1357,Sep-24,Revenue,Licensing,Sales Dept,Licensing - Redwood Partners,9224.9,USD,Priya Nair,Sep,Q3,
TXN-1456,11/16/2024,Expense,Marketing,marketing,PR Agency - WeWork,49650.39,USD,WeWork,Nov,Q4,
TXN-1506,Dec-24,Expense,Engineering,Engineering,PR Agency - Zoom,16137.19,USD,Zoom,Dec,Q4,
TXN-1130,2024-04-05,Revenue,Licensing,Sales,Licensing - Pinnacle Systems,8576.04,USD,Kwame Asante,Apr,Q2,
TXN-1487,Dec-24,Revenue,Licensing,Sales,Licensing - Pinnacle Systems,10361.24,USD,Priya Nair,Dec,Q4,
TXN-1188,18/05/2024,Expense,Engineering,engineering,Salary - Delta Airlines,38468.72,USD,Delta Airlines,May,Q2,
TXN-1485,12/29/2024,Revenue,Professional Services,Sales Dept,Professional Services - Pinnacle Systems,12245.36,USD,Kwame Asante,Dec,Q4,
TXN-1264,07/11/2024,Revenue,Professional Services,SALES,Professional Services - Apex Retail,5237.29,USD,Priya Nair,Jul,Q3,
TXN-1390,13-10-2024,Revenue,Subscription,SALES,Subscription - Synapse AI,176379.84,USD,Sofia Andersen,Oct,Q4,
TXN-1203,29/05/2024,Expense,Cloud Infrastructure,cloud infra,AWS/Cloud - HubSpot,20825.33,USD,HubSpot,May,Q2,
TXN-1216,14-06-2024,Revenue,Professional Services,sales,Professional Services - Orion Media,4920.56,USD,Tom Bradley,Jun,Q2,
TXN-1401,21/10/2024,Revenue,Licensing,Sales Dept,Licensing - Globex Corp,9013.03,USD,James Okafor,Oct,Q4,
TXN-1339,"August 09, 2024",Expense,G&A,G&A,Recruiting - Salesforce,12676.86,USD,Salesforce,Aug,Q3,
TXN-1116,03/18/2024,Expense,Cloud Infrastructure,Cloud Infra,Travel - Accenture,25409.61,USD,Accenture,Mar,Q1,
TXN-1340,"August 19, 2024",Expense,G&A,G & A,Salary - HubSpot,16961.28,USD,HubSpot,Aug,Q3,
TXN-1185,May-24,Expense,Marketing,Mktng,Ad Spend - Delta Airlines,56546.05,USD,Delta Airlines,May,Q2,
TXN-1077,02/27/2024,Expense,Cloud Infrastructure,Cloud Infra,Contractor - Accenture,22073.81,USD,Accenture,Feb,Q1,
TXN-1260,09/07/2024,Revenue,Professional Services,sales,Professional Services - Redwood Partners,19438.97,USD,Tom Bradley,Jul,Q3,
TXN-1099,Mar-24,Expense,Marketing,Marketing,Contractor - Linklaters LLP,31905.83,USD,Linklaters LLP,Mar,Q1,
TXN-1064,22-02-2024,Expense,Engineering,R&D,AWS/Cloud - HubSpot,14146.91,USD,HubSpot,Feb,Q1,
TXN-1004,Jan-24,Revenue,Professional Services,Sales,Professional Services - ClearPath Finance,11716.04,USD,Priya Nair,Jan,Q1,
TXN-1050,29-02-2024,Revenue,Licensing,sales,Licensing - Apex Retail,8582.78,USD,Priya Nair,Feb,Q1,
TXN-1418,Oct-24,Expense,Customer Success,Cust Success,Recruiting - Google Cloud,19266.58,USD,Google Cloud,Oct,Q4,
TXN-1430,"October 27, 2024",Expense,Cloud Infrastructure,Cloud Infrastructure,Ad Spend - Hilton Hotels,-18275.63,USD,Hilton Hotels,Oct,Q4,
TXN-1396,2024-10-01,Revenue,Professional Services,Sales Dept,Professional Services - Redwood Partners,10631.4,USD,James Okafor,Oct,Q4,
TXN-1287,03/07/2024,Expense,G&A,General & Admin,AWS/Cloud - HubSpot,8050.17,USD,HubSpot,Jul,Q3,
TXN-1073,26/02/2024,Expense,Cloud Infrastructure,CLOUD,AWS/Cloud - Linklaters LLP,15849.2,USD,Linklaters LLP,Feb,Q1,
TXN-1397,2024-10-01,Revenue,Professional Services,SALES,Professional Services - Redwood Partners,19724.98,USD,Kwame Asante,Oct,Q4,
TXN-1215,21/06/2024,Revenue,Professional Services,sales,Professional Services - Globex Corp,21169.37,USD,James Okafor,Jun,Q2,
TXN-1068,01/02/2024,Expense,G&A,G & A,AWS/Cloud - Omnicom Group,17700.94,USD,Omnicom Group,Feb,Q1,
TXN-1336,02/08/2024,Expense,G&A,G&A,AWS/Cloud - Slack,8503.75,USD,Slack,Aug,Q3,
TXN-1233,Jun-24,Expense,Engineering,R&D,PR Agency - Delta Airlines,23569.5,USD,Delta Airlines,Jun,Q2,
TXN-1312,25/08/2024,Revenue,Licensing,Sales Dept,Licensing - Synapse AI,5011.51,USD,Daniel Müller,Aug,Q3,
TXN-1475,Nov-24,Expense,Cloud Infrastructure,Cloud,AWS/Cloud - Zoom,33462.21,USD,Zoom,Nov,Q4,
TXN-1365,29/09/2024,Expense,Marketing,marketing,Ad Spend - WeWork,31653.81,USD,WeWork,Sep,Q3,
TXN-1412,10/21/2024,Expense,Marketing,marketing,PR Agency - Slack,50426.49,USD,Slack,Oct,Q4,
TXN-1142,2024-04-28,Expense,Marketing,marketing,Ad Spend - Omnicom Group,74351.66,USD,Omnicom Group,Apr,Q2,
TXN-1137,Apr-24,Expense,Sales,SALES,Office Supplies - Randstad,28776.79,USD,Randstad,Apr,Q2,
TXN-1124,25-04-2024,Revenue,Professional Services,Sales Dept,Professional Services - Synapse AI,27844.39,USD,Aisha Rahman,Apr,Q2,
TXN-1368,27-09-2024,Expense,Engineering,Eng,PR Agency - HubSpot,27284.9,USD,HubSpot,Sep,Q3,
TXN-1363,30-09-2024,Expense,Marketing,marketing,Salary - Google Cloud,48436.88,USD,Google Cloud,Sep,Q3,
TXN-1297,05/08/2024,Revenue,Subscription,Sales,Subscription - Meridian Bank,93784.77,USD,Lena Fischer,Aug,Q3,
TXN-1512,12/04/2024,Expense,G&A,G&A,Office Supplies - Omnicom Group,25943.25,USD,Omnicom Group,Dec,Q4,
TXN-1429,15-10-2024,Expense,Cloud Infrastructure,Cloud Infra,PR Agency - Hilton Hotels,,USD,Hilton Hotels,Oct,Q4,
TXN-1204,13/05/2024,Expense,Cloud Infrastructure,Cloud Infrastructure,AWS/Cloud - WeWork,13083.66,USD,WeWork,May,Q2,
TXN-1267,2024-07-25,Revenue,Licensing,SALES,Licensing - TechNova Ltd,7716.39,USD,Kwame Asante,Jul,Q3,
TXN-1313,2024-08-29,Revenue,Licensing,Sales,Licensing - Synapse AI,8210.02,USD,Kwame Asante,Aug,Q3,
TXN-1173,"May 10, 2024",Revenue,Licensing,SALES,Licensing - Altura Health,16270.3,USD,Tom Bradley,May,Q2,
TXN-1366,"September 03, 2024",Expense,Marketing,Mktng,Office Supplies - Delta Airlines,51183.7,USD,Delta Airlines,Sep,Q3,
TXN-1034,01/13/2024,Expense,G&A,General & Admin,Software License - Hilton Hotels,27241.24,USD,Hilton Hotels,Jan,Q1,
TXN-1209,Jun-24,Revenue,Subscription,Sales,Subscription - Orion Media,112263.8,USD,Kwame Asante,Jun,Q2,
TXN-1466,26-11-2024,Expense,Customer Success,CS,Legal - AWS,14226.91,USD,AWS,Nov,Q4,
TXN-1382,03-09-2024,Expense,G&A,G & A,Salary - Omnicom Group,17504.65,USD,Omnicom Group,Sep,Q3,
TXN-1059,2024-02-26,Expense,Marketing,Mktg,Ad Spend - Accenture,66012.94,USD,Accenture,Feb,Q1,
TXN-1250,"June 23, 2024",Expense,Cloud Infrastructure,CLOUD,Software License - Deloitte,42965.82,USD,Deloitte,Jun,Q2,
TXN-1409,10/12/2024,Expense,Marketing,Marketing,Ad Spend - AWS,24325.17,USD,AWS,Oct,Q4,
TXN-1189,2024-05-09,Expense,Engineering,Engineering,PR Agency - HubSpot,23086.45,USD,HubSpot,May,Q2,
TXN-1461,Nov-24,Expense,Engineering,Engineering,PR Agency - Deloitte,27890.57,USD,Deloitte,Nov,Q4,
TXN-1481,"December 17, 2024",Revenue,Professional Services,Sales,Professional Services - Altura Health,40450.51,USD,Tom Bradley,Dec,Q4,
TXN-1444,01/11/2024,Revenue,Professional Services,Sales Dept,Professional Services - Synapse AI,24554.33,USD,Sofia Andersen,Nov,Q4,
TXN-1400,17/10/2024,Revenue,Professional Services,SALES,Professional Services - Orion Media,61367.77,USD,Kwame Asante,Oct,Q4,
TXN-1463,28-11-2024,Expense,Engineering,R&D,Contractor - AWS,82144.32,USD,AWS,Nov,Q4,
TXN-1404,Oct-24,Revenue,Licensing,Sales,Licensing - BlueSky Logistics,7752.2,USD,Lena Fischer,Oct,Q4,
TXN-1178,01-05-2024,Expense,Sales,Sales,PR Agency - Slack,-22593.71,USD,Slack,May,Q2,
TXN-1049,2024-02-22,Revenue,Licensing,SALES,Licensing - Pinnacle Systems,11975.67,USD,Priya Nair,Feb,Q1,
TXN-1327,08/06/2024,Expense,Engineering,Engineering ,Ad Spend - Omnicom Group,53758.28,USD,Omnicom Group,Aug,Q3,
TXN-1082,15/03/2024,Revenue,Subscription,SALES,Subscription - Synapse AI,146162.64,USD,Daniel Müller,Mar,Q1,
TXN-1286,26-07-2024,Expense,Customer Success,Customer Success,Ad Spend - AWS,8788.04,USD,AWS,,,
TXN-1342,"August 16, 2024",Expense,Cloud Infrastructure,Cloud Infra,Contractor - Delta Airlines,18499.02,GBP,Delta Airlines,Aug,Q3,
TXN-1509,12/16/2024,Expense,Customer Success,Customer Suc.,Office Supplies - Zoom,20443.93,USD,Zoom,Dec,Q4,
TXN-1120,28/04/2024,Revenue,Subscription,SALES,Subscription - BlueSky Logistics,108984.86,USD,James Okafor,Apr,Q2,
TXN-1408,"October 26, 2024",Expense,Marketing,Marketing,Legal - Hilton Hotels,32649.83,USD,Hilton Hotels,Oct,Q4,
TXN-1078,2024-02-26,Expense,Cloud Infrastructure,Cloud Infra,Salary - HubSpot,23296.77,USD,HubSpot,Feb,Q1,
TXN-1338,"August 27, 2024",Expense,G&A,General & Admin,Legal - Omnicom Group,9573.22,USD,Omnicom Group,Aug,Q3,
TXN-1319,20/08/2024,Expense,Sales,sales,Software License - Google Cloud,16529.11,USD,Google Cloud,Aug,Q3,
TXN-1459,"November 06, 2024",Expense,Marketing,marketing,Recruiting - Accenture,40701.75,USD,Accenture,Nov,Q4,
TXN-1074,15/02/2024,Expense,Cloud Infrastructure,Cloud Infra,Legal - Randstad,27758.72,USD,Randstad,Feb,Q1,
TXN-1316,Aug-24,Expense,Sales,sales,AWS/Cloud - AWS,28424.39,USD,AWS,Aug,Q3,
TXN-1493,Dec-24,Expense,Sales,Sales Dept,AWS/Cloud - Deloitte,-3754.08,USD,Deloitte,Dec,Q4,
TXN-1426,20-10-2024,Expense,G&A,G & A,PR Agency - Hilton Hotels,8037.67,USD,Hilton Hotels,Oct,Q4,
TXN-1275,07/15/2024,Expense,Marketing,marketing,Office Supplies - Hilton Hotels,60051.84,USD,Hilton Hotels,Jul,Q3,
TXN-1306,"August 31, 2024",Revenue,Professional Services,sales,Professional Services - Synapse AI,13427.73,USD,Kwame Asante,Aug,Q3,
TXN-1258,"July 28, 2024",Revenue,Professional Services,Sales,Professional Services - Redwood Partners,20676.68,USD,Lena Fischer,Jul,Q3,
TXN-1242,06/17/2024,Expense,G&A,G & A,Salary - Delta Airlines,12140.08,USD,Delta Airlines,Jun,Q2,
TXN-1234,"June 25, 2024",Expense,Engineering,R&D,Recruiting - Linklaters LLP,17008.34,USD,Linklaters LLP,Jun,Q2,
TXN-1386,18/09/2024,Expense,Cloud Infrastructure,Cloud,Ad Spend - Zoom,29871.54,USD,Zoom,Sep,Q3,
TXN-1452,14/11/2024,Expense,Sales,sales,Recruiting - Linklaters LLP,13107.62,USD,Linklaters LLP,Nov,Q4,
TXN-1345,10/09/2024,Revenue,Subscription,SALES,Subscription - Orion Media,136078.17,USD,Priya Nair,Sep,Q3,
TXN-1323,13-08-2024,Expense,Marketing,MARKETING,Recruiting - Linklaters LLP,53762.71,USD,Linklaters LLP,Aug,Q3,
TXN-1039,2024-02-05,Revenue,Subscription,sales,Subscription - Vertex Analytics,112888.9,USD,Sofia Andersen,Feb,Q1,
TXN-1500,Dec-24,Expense,Marketing,Marketing,PR Agency - WeWork,40177.69,USD,WeWork,Dec,Q4,
TXN-1179,22/05/2024,Expense,Sales,SALES,Recruiting - Hilton Hotels,12539.61,USD,Hilton Hotels,May,Q2,
TXN-1146,"April 15, 2024",Expense,Engineering,Eng,PR Agency - Google Cloud,23903.2,USD,Google Cloud,Apr,Q2,
TXN-1100,2024-03-22,Expense,Marketing,marketing,Travel - WeWork,27769.27,USD,WeWork,Mar,Q1,
TXN-1213,Jun-24,Revenue,Professional Services,sales,Professional Services - Pinnacle Systems,25477.45,USD,James Okafor,Jun,Q2,
TXN-1024,01/24/2024,Expense,Engineering,Engineering,Legal - Randstad,27473.77,USD,Randstad,Jan,Q1,
TXN-1240,Jun-24,Expense,Customer Success,Customer Success,PR Agency - Hilton Hotels,17791.76,USD,Hilton Hotels,Jun,Q2,
TXN-1015,Jan-24,Expense,Sales,Sales Dept,Ad Spend - Google Cloud,-4785.93,USD,Google Cloud,Jan,Q1,
TXN-1439,27-11-2024,Revenue,Subscription,SALES,Subscription - Orion Media,-7412.24,USD,Daniel Müller,Nov,Q4,
TXN-1224,27/06/2024,Expense,Sales,SALES,Software License - Delta Airlines,64742.86,USD,Delta Airlines,Jun,Q2,
TXN-1446,Nov-24,Revenue,Professional Services,Sales,Professional Services - BlueSky Logistics,19437.26,USD,Priya Nair,Nov,Q4,
TXN-1141,"April 25, 2024",Expense,Marketing,Mktng,Salary - WeWork,30444.84,USD,WeWork,Apr,Q2,
TXN-1104,27-03-2024,Expense,Engineering,Engineering,Ad Spend - Randstad,22027.3,USD,Randstad,Mar,Q1,
TXN-1433,15/10/2024,Expense,Cloud Infrastructure,cloud infra,Recruiting - Linklaters LLP,23517.94,USD,Linklaters LLP,Oct,Q4,
TXN-1431,16-10-2024,Expense,Cloud Infrastructure,Cloud,Travel - Salesforce,36505.5,USD,Salesforce,Oct,Q4,
TXN-1243,Jun-24,Expense,G&A,G and A,Legal - Randstad,,USD,Randstad,Jun,Q2,
TXN-1217,2024-06-10,Revenue,Professional Services,Sales,Professional Services - BlueSky Logistics,25684.53,USD,Lena Fischer,Jun,Q2,
TXN-1344,08/24/2024,Expense,Cloud Infrastructure,Cloud Infrastructure,Office Supplies - Deloitte,61641.47,USD,Deloitte,Aug,Q3,
TXN-1040,2024-02-19,Revenue,Subscription,SALES,Subscription - Apex Retail,290249.79,USD,James Okafor,Feb,Q1,
TXN-1111,"March 14, 2024",Expense,G&A,G & A,PR Agency - Randstad,10493.83,USD,Randstad,Mar,Q1,
TXN-1464,"November 26, 2024",Expense,Customer Success,CS,Recruiting - Hilton Hotels,22633.46,USD,Hilton Hotels,Nov,Q4,
TXN-1480,"December 29, 2024",Revenue,Subscription,Sales Dept,Subscription - Altura Health,174580.7,USD,Daniel Müller,Dec,Q4,
TXN-1455,"November 18, 2024",Expense,Marketing,marketing,Ad Spend - Omnicom Group,48794.58,USD,Omnicom Group,Nov,Q4,
TXN-1458,02-11-2024,Expense,Marketing,Mktg,Legal - Slack,24982.9,USD,Slack,Nov,Q4,
TXN-1007,03-01-2024,Revenue,Professional Services,Sales Dept,Professional Services - Globex Corp,46692.45,USD,Sofia Andersen,Jan,Q1,
TXN-1362,18/09/2024,Expense,Sales,SALES,Salary - Randstad,46071.87,USD,Randstad,Sep,Q3,
TXN-1263,2024-07-13,Revenue,Professional Services,sales,Professional Services - Orion Media,28933.3,USD,Priya Nair,Jul,Q3,
TXN-1152,Apr-24,Expense,Customer Success,CS,AWS/Cloud - Randstad,11760.15,USD,Randstad,Apr,Q2,
TXN-1398,2024-10-17,Revenue,Professional Services,Sales,Professional Services - Pinnacle Systems,17298.05,USD,Aisha Rahman,Oct,Q4,
TXN-1023,01/01/2024,Expense,Marketing,MARKETING,Contractor - Google Cloud,102936.49,USD,Google Cloud,Jan,Q1,
TXN-1384,09/30/2024,Expense,Cloud Infrastructure,Cloud Infrastructure,PR Agency - HubSpot,31787.73,USD,HubSpot,Sep,Q3,
TXN-1337,08/21/2024,Expense,G&A,G and A,Travel - Slack,13044.89,USD,Slack,Aug,Q3,
TXN-1197,"May 24, 2024",Expense,G&A,General & Admin,PR Agency - Accenture,12564.15,USD,Accenture,May,Q2,
TXN-1353,08/09/2024,Revenue,Professional Services,Sales,Professional Services - Meridian Bank,21225.92,USD,James Okafor,Sep,Q3,
TXN-1415,12-10-2024,Expense,Engineering,Engineering,Salary - Google Cloud,18007.48,USD,Google Cloud,Oct,Q4,
TXN-1087,14/03/2024,Revenue,Professional Services,Sales Dept,Professional Services - Orion Media,18190.84,USD,Aisha Rahman,Mar,Q1,
TXN-1192,May-24,Expense,Engineering,Engineering ,Travel - Google Cloud,25018.52,USD,Google Cloud,May,Q2,
TXN-1307,13-08-2024,Revenue,Licensing,Sales,Licensing - Orion Media,6757.14,USD,Daniel Müller,Aug,Q3,
TXN-1291,23/07/2024,Expense,Cloud Infrastructure,Cloud Infra,Recruiting - Randstad,13984.49,GBP,Randstad,Jul,Q3,
TXN-1482,11/12/2024,Revenue,Professional Services,sales,Professional Services - ClearPath Finance,18492.19,USD,Priya Nair,Dec,Q4,
TXN-1005,"January 10, 2024",Revenue,Professional Services,sales,Professional Services - BlueSky Logistics,26965.24,USD,Lena Fischer,Jan,Q1,
TXN-1285,"July 28, 2024",Expense,Customer Success,Customer Suc.,Contractor - Zoom,12441.35,USD,Zoom,Jul,Q3,
TXN-1008,15-01-2024,Revenue,Professional Services,SALES,Professional Services - Pinnacle Systems,11786.08,USD,Lena Fischer,Jan,Q1,
TXN-1018,25-01-2024,Expense,Sales,SALES,Software License - Delta Airlines,24337.06,USD,Delta Airlines,Jan,Q1,
TXN-1115,"March 24, 2024",Expense,Cloud Infrastructure,Cloud,Software License - HubSpot,21024.62,USD,HubSpot,Mar,Q1,
TXN-1041,2024-02-02,Revenue,Subscription,sales,Subscription - Redwood Partners,184909.58,USD,Tom Bradley,Feb,Q1,
TXN-1057,22/02/2024,Expense,Marketing,MARKETING,Legal - Google Cloud,23331.38,USD,Google Cloud,Feb,Q1,
TXN-1175,May-24,Revenue,Licensing,sales,Licensing - TechNova Ltd,9652.61,USD,Daniel Müller,May,Q2,
TXN-1194,2024-05-22,Expense,Customer Success,Customer Success,Office Supplies - Deloitte,24941.76,USD,Deloitte,May,Q2,
TXN-1166,"May 03, 2024",Revenue,Professional Services,SALES,Professional Services - Orion Media,19462.11,USD,Tom Bradley,May,Q2,
TXN-1147,10/04/2024,Expense,Engineering,engineering,Ad Spend - Omnicom Group,32104.56,USD,Omnicom Group,Apr,Q2,
TXN-1122,09/04/2024,Revenue,Subscription,Sales,Subscription - Globex Corp,419050.65,USD,Tom Bradley,Apr,Q2,
TXN-1424,26-10-2024,Expense,G&A,General & Admin,PR Agency - Deloitte,12115.03,USD,Deloitte,Oct,Q4,
TXN-1420,10/09/2024,Expense,Customer Success,CS,PR Agency - Slack,8844.28,USD,Slack,Oct,Q4,
TXN-1496,02-12-2024,Expense,Sales,Sales Dept,Legal - AWS,10536.81,USD,AWS,Dec,Q4,
TXN-1219,Jun-24,Revenue,Licensing,Sales Dept,Licensing - Vertex Analytics,8516.34,USD,Priya Nair,Jun,Q2,
TXN-1460,Nov-24,Expense,Marketing,marketing,Legal - Accenture,28682.03,USD,Accenture,Nov,Q4,
TXN-1407,2024-10-01,Expense,Sales,sales,Ad Spend - HubSpot,54510.25,USD,HubSpot,Oct,Q4,
TXN-1105,21/03/2024,Expense,Engineering,R&D,Office Supplies - Deloitte,24137.83,USD,Deloitte,Mar,Q1,
TXN-1472,"November 19, 2024",Expense,Cloud Infrastructure,Cloud Infrastructure,PR Agency - AWS,25966.36,USD,AWS,Nov,Q4,
TXN-1107,03/27/2024,Expense,Customer Success,CS,PR Agency - Google Cloud,11782.26,USD,Google Cloud,Mar,Q1,
TXN-1187,04/05/2024,Expense,Marketing,marketing,Recruiting - Deloitte,20614.11,USD,Deloitte,May,Q2,
TXN-1414,05-10-2024,Expense,Engineering,Eng,Ad Spend - WeWork,22988.71,USD,WeWork,Oct,Q4,
TXN-1098,Mar-24,Expense,Sales,Sales Dept,Software License - Salesforce,10279.83,USD,Salesforce,Mar,Q1,
TXN-1012,29/01/2024,Revenue,Licensing,Sales Dept,Licensing - TechNova Ltd,7561.43,USD,Lena Fischer,Jan,Q1,
TXN-1259,07/28/2024,Revenue,Professional Services,Sales,Professional Services - Vertex Analytics,26122.63,USD,Priya Nair,Jul,Q3,
TXN-1184,29/05/2024,Expense,Marketing,Mktg,Ad Spend - Omnicom Group,20306.62,USD,Omnicom Group,May,Q2,
TXN-1027,04-01-2024,Expense,Customer Success,Cust Success,Software License - HubSpot,18194.23,USD,HubSpot,Jan,Q1,
TXN-1503,"December 16, 2024",Expense,Marketing,Mktng,Legal - Zoom,29156.65,USD,Zoom,Dec,Q4,
TXN-1261,2024-07-03,Revenue,Professional Services,SALES,Professional Services - Synapse AI,17937.31,USD,Sofia Andersen,Jul,Q3,
TXN-1265,07/29/2024,Revenue,Licensing,SALES,Licensing - Altura Health,11005.39,USD,Priya Nair,Jul,Q3,
TXN-1380,09/05/2024,Expense,G&A,G & A,Contractor - WeWork,14834.22,USD,WeWork,Sep,Q3,
TXN-1177,2024-05-09,Revenue,Licensing,SALES,Licensing - Vertex Analytics,9330.22,USD,Tom Bradley,May,Q2,
TXN-1513,2024-12-26,Expense,G&A,G&A,Ad Spend - Omnicom Group,15131.57,USD,Omnicom Group,Dec,Q4,
TXN-1053,29-02-2024,Revenue,Licensing,Sales Dept,Licensing - Globex Corp,19938.15,USD,James Okafor,Feb,Q1,
TXN-1067,"February 02, 2024",Expense,Customer Success,Customer Suc.,AWS/Cloud - Google Cloud,41722.89,USD,Google Cloud,Feb,Q1,
TXN-1002,Jan-24,Revenue,Subscription,Sales Dept,Subscription - TechNova Ltd,90646.1,USD,Aisha Rahman,Jan,Q1,
TXN-1266,2024-07-27,Revenue,Licensing,Sales Dept,Licensing - Redwood Partners,4507.14,USD,Daniel Müller,Jul,Q3,
TXN-1085,03/03/2024,Revenue,Professional Services,sales,Professional Services - Pinnacle Systems,2368.35,USD,Daniel Müller,Mar,Q1,
TXN-1393,Oct-24,Revenue,Subscription,Sales,Subscription - Pinnacle Systems,194869.55,USD,Tom Bradley,Oct,Q4,
TXN-1371,Sep-24,Expense,Engineering,Engineering,Software License - HubSpot,13862.94,USD,HubSpot,Sep,Q3,
TXN-1270,06-07-2024,Expense,Sales,Sales,Legal - Delta Airlines,49175.12,USD,Delta Airlines,Jul,Q3,
TXN-1171,01-05-2024,Revenue,Professional Services,Sales Dept,Professional Services - BlueSky Logistics,14837.5,USD,James Okafor,May,Q2,
TXN-1359,Sep-24,Expense,Sales,Sales Dept,Software License - Linklaters LLP,12223.72,USD,Linklaters LLP,Sep,Q3,
TXN-1372,09/02/2024,Expense,Engineering,Engineering ,Salary - Randstad,13352.11,USD,Randstad,Sep,Q3,
TXN-1022,30/01/2024,Expense,Marketing,Mktng,AWS/Cloud - AWS,49832.06,USD,AWS,Jan,Q1,
TXN-1226,"June 11, 2024",Expense,Marketing,Mktng,PR Agency - Salesforce,49637.84,USD,Salesforce,Jun,Q2,
TXN-1373,09/24/2024,Expense,Engineering,R&D,PR Agency - AWS,19165.74,USD,AWS,Sep,Q3,
TXN-1042,Feb-24,Revenue,Subscription,Sales,Subscription - Pinnacle Systems,99375.27,USD,Priya Nair,Feb,Q1,
TXN-1332,18/08/2024,Expense,Customer Success,CS,Recruiting - Zoom,18393.23,USD,Zoom,Aug,Q3,
TXN-1321,Aug-24,Expense,Marketing,Mktg,Recruiting - Randstad,55473.4,USD,Randstad,Aug,Q3,
TXN-1060,"February 06, 2024",Expense,Marketing,MARKETING,Ad Spend - Hilton Hotels,22588.04,USD,Hilton Hotels,Feb,Q1,
TXN-1377,Sep-24,Expense,Customer Success,CS,Ad Spend - AWS,9794.07,USD,AWS,Sep,Q3,
TXN-1443,21/11/2024,Revenue,Professional Services,Sales Dept,Professional Services - Pinnacle Systems,24341.43,USD,Daniel Müller,Nov,Q4,
TXN-1484,26-12-2024,Revenue,Professional Services,SALES,Professional Services - Globex Corp,23976.26,USD,Priya Nair,Dec,Q4,
TXN-1036,2024-01-02,Expense,Cloud Infrastructure,CLOUD,Salary - Delta Airlines,13245.11,USD,Delta Airlines,Jan,Q1,
TXN-1462,07-11-2024,Expense,Engineering,Engineering,Travel - WeWork,19965.11,USD,WeWork,Nov,Q4,
TXN-1239,Jun-24,Expense,Customer Success,Customer Suc.,Recruiting - WeWork,19444.95,USD,WeWork,Jun,Q2,
TXN-1026,01/09/2024,Expense,Engineering,Engineering ,Ad Spend - Omnicom Group,19070.03,USD,Omnicom Group,Jan,Q1,
TXN-1144,2024-04-23,Expense,Engineering,engineering,Legal - Salesforce,17926.66,USD,Salesforce,Apr,Q2,
TXN-1343,"August 02, 2024",Expense,Cloud Infrastructure,Cloud Infrastructure,Recruiting - Accenture,23049.2,GBP,Accenture,Aug,Q3,
TXN-1283,"July 20, 2024",Expense,Customer Success,Customer Suc.,Office Supplies - Hilton Hotels,15838.94,USD,Hilton Hotels,Jul,Q3,
TXN-1156,05/04/2024,Expense,G&A,General & Admin,Software License - Omnicom Group,18545.22,USD,Omnicom Group,Apr,Q2,
TXN-1247,Jun-24,Expense,Cloud Infrastructure,cloud infra,Office Supplies - Hilton Hotels,12953.72,USD,Hilton Hotels,Jun,Q2,
TXN-1440,15-11-2024,Revenue,Subscription,Sales Dept,Subscription - Redwood Partners,164652.69,USD,Sofia Andersen,Nov,Q4,
TXN-1235,06/21/2024,Expense,Engineering,engineering,AWS/Cloud - Linklaters LLP,38292.95,USD,Linklaters LLP,Jun,Q2,
TXN-1282,26/07/2024,Expense,Engineering,R&D,Software License - Google Cloud,38330.02,USD,Google Cloud,Jul,Q3,
TXN-1093,03/02/2024,Revenue,Licensing,SALES,Licensing - ClearPath Finance,24309.28,USD,Kwame Asante,Mar,Q1,
TXN-1016,2024-01-15,Expense,Sales,SALES,Legal - Omnicom Group,19254.34,USD,Omnicom Group,Jan,Q1,
TXN-1200,30-05-2024,Expense,G&A,G&A,Software License - Randstad,15446.25,USD,Randstad,May,Q2,
TXN-1324,17/08/2024,Expense,Marketing,Mktng,Legal - Deloitte,35946.41,USD,Deloitte,Aug,Q3,
TXN-1350,11/09/2024,Revenue,Professional Services,SALES,Professional Services - Altura Health,21243.98,USD,Sofia Andersen,Sep,Q3,
TXN-1405,Oct-24,Expense,Sales,Sales,Contractor - AWS,13865.56,USD,AWS,Oct,Q4,
TXN-1150,Apr-24,Expense,Customer Success,CS,Contractor - AWS,20665.01,USD,AWS,Apr,Q2,
TXN-1473,Nov-24,Expense,Cloud Infrastructure,Cloud,Software License - Hilton Hotels,17075.57,USD,Hilton Hotels,Nov,Q4,
TXN-1193,2024-05-05,Expense,Customer Success,CS,Office Supplies - Omnicom Group,18924.37,USD,Omnicom Group,May,Q2,
TXN-1268,2024-07-02,Revenue,Licensing,Sales Dept,Licensing - ClearPath Finance,19203.51,USD,Sofia Andersen,Jul,Q3,
TXN-1114,2024-03-09,Expense,Cloud Infrastructure,Cloud,Travel - Slack,19848.67,USD,Slack,Mar,Q1,
TXN-1450,"November 23, 2024",Revenue,Licensing,Sales,Licensing - BlueSky Logistics,29364.92,USD,Kwame Asante,Nov,Q4,
TXN-1304,Aug-24,Revenue,Professional Services,sales,Professional Services - Meridian Bank,69233.06,USD,Kwame Asante,Aug,Q3,
TXN-1378,2024-09-10,Expense,G&A,G & A,PR Agency - Deloitte,11262.41,USD,Deloitte,Sep,Q3,
TXN-1249,"June 21, 2024",Expense,Cloud Infrastructure,Cloud,Office Supplies - Accenture,13608.24,USD,Accenture,Jun,Q2,
TXN-1223,Jun-24,Expense,Sales,sales,Legal - Omnicom Group,24877.93,USD,Omnicom Group,Jun,Q2,
TXN-1467,05-11-2024,Expense,G&A,G and A,Salary - Accenture,15079.57,USD,Accenture,Nov,Q4,
TXN-1491,"December 01, 2024",Revenue,Licensing,sales,Licensing - TechNova Ltd,5788.2,USD,Kwame Asante,Dec,Q4,
TXN-1309,08-08-2024,Revenue,Licensing,Sales,Licensing - Globex Corp,7862.81,USD,Daniel Müller,Aug,Q3,
TXN-1154,"April 24, 2024",Expense,G&A,G and A,Ad Spend - Randstad,11058.33,USD,Randstad,Apr,Q2,
TXN-1172,05/25/2024,Revenue,Professional Services,SALES,Professional Services - BlueSky Logistics,26681.01,USD,Sofia Andersen,May,Q2,
TXN-1375,29-09-2024,Expense,Customer Success,Cust Success,Ad Spend - Salesforce,19523.77,USD,Salesforce,Sep,Q3,
TXN-1476,01/12/2024,Revenue,Subscription,Sales Dept,Subscription - Pinnacle Systems,140449.03,USD,Priya Nair,Dec,Q4,
TXN-1191,May-24,Expense,Engineering,Eng,Office Supplies - Zoom,14127.64,USD,Zoom,May,Q2,
TXN-1037,30/01/2024,Expense,Cloud Infrastructure,Cloud Infra,Office Supplies - Accenture,18203.89,USD,Accenture,Jan,Q1,
TXN-1186,"May 24, 2024",Expense,Marketing,Mktg,Ad Spend - Hilton Hotels,91533.22,USD,Hilton Hotels,May,Q2,
TXN-1296,Jul-24,Expense,Cloud Infrastructure,Cloud Infra,PR Agency - Salesforce,13063,GBP,Salesforce,Jul,Q3,
TXN-1056,2024-02-29,Expense,Sales,sales,Legal - Hilton Hotels,61281.36,USD,Hilton Hotels,Feb,Q1,
TXN-1310,08/31/2024,Revenue,Licensing,Sales Dept,Licensing - BlueSky Logistics,16767.89,USD,Aisha Rahman,Aug,Q3,
TXN-1454,11/30/2024,Expense,Sales,sales,Legal - Delta Airlines,59940.33,USD,Delta Airlines,Nov,Q4,
TXN-1504,"December 09, 2024",Expense,Engineering,Engineering,Contractor - Omnicom Group,19788,USD,Omnicom Group,Dec,Q4,
TXN-1030,Jan-24,Expense,Customer Success,CS,Software License - AWS,17575.3,USD,AWS,Jan,Q1,
TXN-1165,2024-05-22,Revenue,Subscription,sales,Subscription - Pinnacle Systems,125388.27,USD,Daniel Müller,May,Q2,
TXN-1320,02/08/2024,Expense,Marketing,Mktg,AWS/Cloud - AWS,7372.92,USD,AWS,Aug,Q3,
TXN-1174,"May 05, 2024",Revenue,Licensing,SALES,Licensing - Vertex Analytics,9191.43,USD,Priya Nair,May,Q2,
TXN-1016,2024-01-15,Expense,Sales,SALES,Legal - Omnicom Group,19254.34,USD,Omnicom Group,Jan,Q1,
TXN-1492,12/17/2024,Expense,Sales,SALES,AWS/Cloud - AWS,18902.87,USD,AWS,Dec,Q4,
TXN-1515,03-12-2024,Expense,G&A,G and A,Salary - Omnicom Group,11361.58,USD,Omnicom Group,Dec,Q4,
TXN-1000,2024-01-19,Revenue,Subscription,Sales,Subscription - Altura Health,96557.14,USD,Aisha Rahman,Jan,Q1,
TXN-1244,20-06-2024,Expense,G&A,General & Admin,AWS/Cloud - Salesforce,16358.22,USD,Salesforce,Jun,Q2,
TXN-1361,2024-09-17,Expense,Sales,Sales Dept,Recruiting - WeWork,20177.52,USD,WeWork,Sep,Q3,
TXN-1010,27-01-2024,Revenue,Licensing,Sales,Licensing - TechNova Ltd,8087.23,USD,James Okafor,Jan,Q1,
TXN-1325,Aug-24,Expense,Engineering,engineering,Recruiting - Randstad,13432.56,USD,Randstad,Aug,Q3,
TXN-1333,07-08-2024,Expense,Customer Success,CS,Legal - HubSpot,10064.61,USD,HubSpot,Aug,Q3,
TXN-1326,08/08/2024,Expense,Engineering,Engineering,Recruiting - Hilton Hotels,25347.21,USD,Hilton Hotels,Aug,Q3,
TXN-1453,"November 14, 2024",Expense,Sales,Sales Dept,Legal - Salesforce,22902.05,USD,Salesforce,Nov,Q4,
TXN-1019,"January 14, 2024",Expense,Sales,Sales Dept,Salary - Salesforce,29018.17,USD,Salesforce,Jan,Q1,
TXN-1251,"July 28, 2024",Revenue,Subscription,Sales,Subscription - Redwood Partners,113088.64,USD,Priya Nair,Jul,Q3,
TXN-1442,18/11/2024,Revenue,Professional Services,sales,Professional Services - Synapse AI,11696.26,USD,Aisha Rahman,Nov,Q4,
TXN-1158,20-04-2024,Expense,Cloud Infrastructure,cloud infra,Software License - Hilton Hotels,19116.83,USD,Hilton Hotels,Apr,Q2,
TXN-1277,07-07-2024,Expense,Marketing,Mktg,Salary - AWS,55844.34,USD,AWS,Jul,Q3,
TXN-1252,07/11/2024,Revenue,Subscription,Sales Dept,Subscription - BlueSky Logistics,195603.28,USD,Daniel Müller,Jul,Q3,
TXN-1096,03/21/2024,Expense,Sales,Sales,Salary - Google Cloud,59563.34,USD,Google Cloud,Mar,Q1,
TXN-1311,08/31/2024,Revenue,Licensing,SALES,Licensing - Orion Media,4909.94,USD,Daniel Müller,Aug,Q3,
TXN-1072,23/02/2024,Expense,G&A,G & A,Travel - Slack,18772.62,USD,Slack,Feb,Q1,
TXN-1288,07/31/2024,Expense,G&A,G&A,Recruiting - Linklaters LLP,13871.24,USD,Linklaters LLP,Jul,Q3,
TXN-1290,25-07-2024,Expense,G&A,G & A,Legal - Google Cloud,22503.86,USD,Google Cloud,Jul,Q3,
TXN-1180,"May 27, 2024",Expense,Sales,SALES,Software License - Delta Airlines,28628.82,USD,Delta Airlines,May,Q2,
TXN-1014,Jan-24,Revenue,Licensing,Sales Dept,Licensing - Apex Retail,24475.88,USD,Kwame Asante,Jan,Q1,
TXN-1302,Aug-24,Revenue,Subscription,SALES,Subscription - Pinnacle Systems,194695.08,USD,Kwame Asante,Aug,Q3,
TXN-1335,23-08-2024,Expense,Customer Success,CS,PR Agency - Randstad,14065.33,USD,Randstad,Aug,Q3,
TXN-1498,"December 13, 2024",Expense,Marketing,Marketing,Contractor - Linklaters LLP,20967.4,USD,Linklaters LLP,Dec,Q4,
TXN-1303,2024-08-27,Revenue,Professional Services,Sales,Professional Services - Altura Health,27452.52,USD,James Okafor,Aug,Q3,
TXN-1510,"December 30, 2024",Expense,Customer Success,Customer Success,Legal - Deloitte,46395.5,USD,Deloitte,Dec,Q4,
TXN-1090,01/03/2024,Revenue,Professional Services,Sales Dept,Professional Services - Vertex Analytics,23563.64,USD,Lena Fischer,Mar,Q1,
TXN-1388,2024-09-12,Expense,Cloud Infrastructure,cloud infra,PR Agency - Omnicom Group,-16252.41,USD,Omnicom Group,Sep,Q3,
TXN-1387,18-09-2024,Expense,Cloud Infrastructure,Cloud,Contractor - Delta Airlines,34171.79,USD,Delta Airlines,Sep,Q3,
TXN-1347,"September 07, 2024",Revenue,Subscription,sales,Subscription - Orion Media,220412.2,USD,Priya Nair,Sep,Q3,
TXN-1294,"July 18, 2024",Expense,Cloud Infrastructure,Cloud,Office Supplies - Slack,19693.47,USD,Slack,Jul,Q3,
TXN-1341,01/08/2024,Expense,Cloud Infrastructure,Cloud Infra,Ad Spend - Omnicom Group,14212.28,USD,Omnicom Group,Aug,Q3,
TXN-1028,01/01/2024,Expense,Customer Success,Cust Success,Recruiting - Linklaters LLP,25745.59,USD,Linklaters LLP,Jan,Q1,
TXN-1273,24-07-2024,Expense,Sales,SALES,Software License - AWS,9910.91,USD,AWS,Jul,Q3,
TXN-1516,12/19/2024,Expense,Cloud Infrastructure,Cloud Infra,Legal - Randstad,24265.56,USD,Randstad,Dec,Q4,
TXN-1123,04/16/2024,Revenue,Subscription,Sales,Subscription - BlueSky Logistics,116296.3,USD,Priya Nair,Apr,Q2,
TXN-1126,24-04-2024,Revenue,Professional Services,sales,Professional Services - TechNova Ltd,12023.83,USD,Priya Nair,Apr,Q2,
TXN-1051,02/10/2024,Revenue,Licensing,SALES,Licensing - Apex Retail,6729.38,USD,Sofia Andersen,Feb,Q1,
TXN-1081,2024-03-06,Revenue,Subscription,sales,Subscription - Altura Health,165591.88,USD,Tom Bradley,Mar,Q1,
TXN-1495,12/19/2024,Expense,Sales,Sales,Contractor - Google Cloud,27638.76,USD,Google Cloud,Dec,Q4,
TXN-1488,24-12-2024,Revenue,Licensing,Sales Dept,Licensing - Orion Media,9605.66,USD,Aisha Rahman,Dec,Q4,
TXN-1355,16/09/2024,Revenue,Licensing,SALES,Licensing - Synapse AI,26540.84,USD,Daniel Müller,Sep,Q3,
TXN-1271,03/07/2024,Expense,Sales,Sales,Ad Spend - Omnicom Group,15635.53,USD,Omnicom Group,Jul,Q3,
TXN-1241,21/06/2024,Expense,Customer Success,CS,Recruiting - HubSpot,8612.86,USD,HubSpot,Jun,Q2,
TXN-1029,2024-01-01,Expense,Customer Success,Customer Success,Travel - Google Cloud,13484.88,USD,Google Cloud,Jan,Q1,
TXN-1367,Sep-24,Expense,Marketing,Marketing,Office Supplies - Zoom,41924.74,USD,Zoom,Sep,Q3,
TXN-1392,"October 06, 2024",Revenue,Subscription,sales,Subscription - Pinnacle Systems,113226.46,USD,Lena Fischer,Oct,Q4,
TXN-1112,2024-03-23,Expense,G&A,G and A,Salary - Randstad,32005.55,USD,Randstad,Mar,Q1,
TXN-1305,"August 14, 2024",Revenue,Professional Services,SALES,Professional Services - Synapse AI,19486.69,USD,James Okafor,Aug,Q3,
TXN-1163,26-05-2024,Revenue,Subscription,SALES,Subscription - Vertex Analytics,531585.49,USD,James Okafor,May,Q2,
TXN-1013,01/29/2024,Revenue,Licensing,SALES,Licensing - Pinnacle Systems,5970.79,USD,Tom Bradley,Jan,Q1,
TXN-1092,03/21/2024,Revenue,Licensing,Sales Dept,Licensing - Pinnacle Systems,7996.18,USD,Aisha Rahman,Mar,Q1,
TXN-1138,14/04/2024,Expense,Sales,Sales Dept,Software License - Delta Airlines,22496.08,USD,Delta Airlines,Apr,Q2,
TXN-1198,31/05/2024,Expense,G&A,G&A,PR Agency - AWS,-6686.72,USD,AWS,May,Q2,
TXN-1164,May-24,Revenue,Subscription,Sales Dept,Subscription - TechNova Ltd,83542.91,USD,Daniel Müller,May,Q2,
TXN-1257,"July 31, 2024",Revenue,Subscription,SALES,Subscription - TechNova Ltd,75751.62,USD,Tom Bradley,Jul,Q3,
TXN-1289,22/07/2024,Expense,G&A,General & Admin,AWS/Cloud - Randstad,18194.73,USD,Randstad,Jul,Q3,
TXN-1176,05/29/2024,Revenue,Licensing,SALES,Licensing - Redwood Partners,8905.44,USD,Lena Fischer,May,Q2,
TXN-1248,23/06/2024,Expense,Cloud Infrastructure,Cloud,Legal - Google Cloud,17949.12,USD,Google Cloud,Jun,Q2,
TXN-1502,12/01/2024,Expense,Marketing,Mktg,Salary - Hilton Hotels,37316.33,USD,Hilton Hotels,Dec,Q4,
TXN-1395,2024-10-14,Revenue,Subscription,sales,Subscription - Meridian Bank,209846.8,USD,Daniel Müller,Oct,Q4,
TXN-1477,"December 01, 2024",Revenue,Subscription,sales,Subscription - TechNova Ltd,162179.84,USD,Aisha Rahman,Dec,Q4,
TXN-1391,25/10/2024,Revenue,Subscription,Sales Dept,Subscription - Apex Retail,129276.49,USD,Tom Bradley,Oct,Q4,
TXN-1009,Jan-24,Revenue,Professional Services,Sales,Professional Services - Apex Retail,16017.53,USD,Kwame Asante,Jan,Q1,
TXN-1278,2024-07-28,Expense,Engineering,engineering,Contractor - Delta Airlines,19390.3,USD,Delta Airlines,Jul,Q3,
TXN-1417,Oct-24,Expense,Engineering,R&D,PR Agency - Salesforce,28515.08,USD,Salesforce,Oct,Q4,
TXN-1434,2024-11-19,Revenue,Subscription,Sales Dept,Subscription - Orion Media,163657.57,USD,Aisha Rahman,Nov,Q4,
TXN-1269,"July 04, 2024",Revenue,Licensing,Sales,Licensing - BlueSky Logistics,10367.57,USD,Tom Bradley,Jul,Q3,
TXN-1329,2024-08-31,Expense,Engineering,Engineering,Travel - Hilton Hotels,15849.72,USD,Hilton Hotels,Aug,Q3,
TXN-1102,Mar-24,Expense,Marketing,Mktng,Software License - Slack,35436.05,USD,Slack,Mar,Q1,
TXN-1214,"June 22, 2024",Revenue,Professional Services,sales,Professional Services - Globex Corp,26178.47,USD,Aisha Rahman,Jun,Q2,
TXN-1070,Feb-24,Expense,G&A,G&A,Contractor - Deloitte,11843.51,USD,Deloitte,Feb,Q1,
TXN-1196,05/01/2024,Expense,Customer Success,CS,Salary - Salesforce,19498.84,USD,Salesforce,May,Q2,
TXN-1470,"November 13, 2024",Expense,G&A,G & A,Recruiting - Randstad,9885.61,USD,Randstad,Nov,Q4,
TXN-1044,22/02/2024,Revenue,Professional Services,SALES,Professional Services - TechNova Ltd,22295.38,USD,Lena Fischer,,,
TXN-1501,2024-12-20,Expense,Marketing,MARKETING,Office Supplies - AWS,24393.09,USD,AWS,Dec,Q4,
TXN-1245,2024-06-13,Expense,G&A,General & Admin,Recruiting - WeWork,16743.67,USD,WeWork,Jun,Q2,
TXN-1507,2024-12-06,Expense,Engineering,Eng,Contractor - Zoom,42631.05,USD,Zoom,Dec,Q4,
TXN-1210,06/17/2024,Revenue,Subscription,Sales Dept,Subscription - Pinnacle Systems,,USD,Sofia Andersen,Jun,Q2,
TXN-1255,"July 24, 2024",Revenue,Subscription,SALES,Subscription - Synapse AI,171835.24,USD,Sofia Andersen,Jul,Q3,
TXN-1151,19/04/2024,Expense,Customer Success,Customer Suc.,Office Supplies - Delta Airlines,19543.59,USD,Delta Airlines,Apr,Q2,
TXN-1331,11-08-2024,Expense,Customer Success,Customer Suc.,Legal - Salesforce,19698.32,USD,Salesforce,Aug,Q3,
TXN-1125,Apr-24,Revenue,Professional Services,Sales,Professional Services - Vertex Analytics,25317.63,USD,Aisha Rahman,Apr,Q2,
TXN-1315,2024-08-24,Expense,Sales,Sales Dept,AWS/Cloud - Zoom,19485.51,USD,Zoom,Aug,Q3,
TXN-1317,10/08/2024,Expense,Sales,Sales Dept,Legal - Google Cloud,7932.02,USD,Google Cloud,Aug,Q3,
TXN-1314,28-08-2024,Expense,Sales,Sales Dept,Office Supplies - Google Cloud,13859.5,USD,Google Cloud,Aug,Q3,
TXN-1017,22-01-2024,Expense,Sales,Sales,Legal - Hilton Hotels,12370.87,USD,Hilton Hotels,Jan,Q1,
TXN-1514,29-12-2024,Expense,G&A,General & Admin,Contractor - Randstad,9563.6,USD,Randstad,Dec,Q4,
TXN-1228,Jun-24,Expense,Marketing,Mktng,Ad Spend - WeWork,55900.99,USD,WeWork,Jun,Q2,
TXN-1143,07/04/2024,Expense,Marketing,MARKETING,Recruiting - Omnicom Group,24503.39,USD,Omnicom Group,Apr,Q2,
TXN-1140,2024-04-03,Expense,Marketing,MARKETING,AWS/Cloud - Zoom,22418.56,USD,Zoom,Apr,Q2,
TXN-1095,25/03/2024,Revenue,Licensing,Sales,Licensing - Vertex Analytics,7246.32,USD,Aisha Rahman,,,
TXN-1109,16/03/2024,Expense,Customer Success,CS,Office Supplies - Deloitte,23418.92,USD,Deloitte,Mar,Q1,
TXN-1181,May-24,Expense,Sales,Sales,Recruiting - Randstad,28699.41,USD,Randstad,May,Q2,
TXN-1088,Mar-24,Revenue,Professional Services,Sales Dept,Professional Services - ClearPath Finance,15114.36,USD,Sofia Andersen,Mar,Q1,
TXN-1218,14-06-2024,Revenue,Licensing,Sales,Licensing - TechNova Ltd,5219.21,USD,Kwame Asante,Jun,Q2,
TXN-1349,22/09/2024,Revenue,Professional Services,sales,Professional Services - Pinnacle Systems,26621.42,USD,Priya Nair,Sep,Q3,
TXN-1195,12-05-2024,Expense,Customer Success,Cust Success,Recruiting - Accenture,10885.03,USD,Accenture,May,Q2,
TXN-1441,17-11-2024,Revenue,Professional Services,sales,Professional Services - Redwood Partners,12123.24,USD,Daniel Müller,Nov,Q4,
TXN-1254,"July 15, 2024",Revenue,Subscription,SALES,Subscription - ClearPath Finance,117310.86,USD,James Okafor,Jul,Q3,
TXN-1449,"November 12, 2024",Revenue,Licensing,sales,Licensing - BlueSky Logistics,11152.72,USD,Tom Bradley,Nov,Q4,
TXN-1370,2024-09-26,Expense,Engineering,R&D,Recruiting - Delta Airlines,26371.51,USD,Delta Airlines,Sep,Q3,
TXN-1221,20-06-2024,Revenue,Licensing,sales,Licensing - Altura Health,22455.63,USD,James Okafor,Jun,Q2,
TXN-1293,Jul-24,Expense,Cloud Infrastructure,Cloud,AWS/Cloud - Google Cloud,18830.28,USD,Google Cloud,Jul,Q3,
TXN-1518,2024-12-18,Expense,Cloud Infrastructure,Cloud Infrastructure,AWS/Cloud - Zoom,51631.2,USD,Zoom,Dec,Q4,
TXN-1447,06/11/2024,Revenue,Professional Services,sales,Professional Services - Orion Media,12701.28,USD,Lena Fischer,Nov,Q4,
TXN-1432,2024-10-22,Expense,Cloud Infrastructure,cloud infra,Ad Spend - Salesforce,41796.02,USD,Salesforce,Oct,Q4,
TXN-1021,Jan-24,Expense,Marketing,Mktg,Legal - Zoom,29031.45,USD,Zoom,Jan,Q1,
TXN-1457,03-11-2024,Expense,Marketing,Marketing,Travel - Linklaters LLP,-11011.65,USD,Linklaters LLP,Nov,Q4,
TXN-1169,May-24,Revenue,Professional Services,SALES,Professional Services - ClearPath Finance,12844.68,USD,Sofia Andersen,May,Q2,
TXN-1047,02/18/2024,Revenue,Professional Services,SALES,Professional Services - Redwood Partners,11855.51,USD,Sofia Andersen,Feb,Q1,
TXN-1065,2024-02-22,Expense,Customer Success,CS,Salary - Deloitte,22223.37,USD,Deloitte,Feb,Q1,
TXN-1227,2024-06-30,Expense,Marketing,Marketing,Ad Spend - Zoom,-46864.82,USD,Zoom,Jun,Q2,
TXN-1416,10/15/2024,Expense,Engineering,engineering,Software License - Zoom,27652.77,USD,Zoom,Oct,Q4,
TXN-1421,03/10/2024,Expense,Customer Success,Customer Suc.,Contractor - Salesforce,15813.3,USD,Salesforce,Oct,Q4,
TXN-1033,2024-01-15,Expense,G&A,G&A,Software License - Deloitte,9653.12,USD,Deloitte,Jan,Q1,
TXN-1011,Jan-24,Revenue,Licensing,sales,Licensing - Globex Corp,6154.67,USD,Kwame Asante,Jan,Q1,
TXN-1494,2024-12-22,Expense,Sales,Sales Dept,Software License - Salesforce,26560.34,USD,Salesforce,Dec,Q4,
TXN-1132,"April 04, 2024",Revenue,Licensing,SALES,Licensing - Apex Retail,4744.35,USD,Tom Bradley,Apr,Q2,
TXN-1300,06-08-2024,Revenue,Subscription,sales,Subscription - Orion Media,85221.74,USD,Daniel Müller,Aug,Q3,
TXN-1298,08/15/2024,Revenue,Subscription,sales,Subscription - Pinnacle Systems,138943.06,USD,Lena Fischer,Aug,Q3,
TXN-1043,Feb-24,Revenue,Subscription,Sales,Subscription - ClearPath Finance,161006.46,USD,Sofia Andersen,Feb,Q1,
TXN-1330,18/08/2024,Expense,Customer Success,Customer Suc.,Legal - Zoom,2456.96,USD,Zoom,Aug,Q3,
TXN-1322,08/05/2024,Expense,Marketing,Mktng,AWS/Cloud - Zoom,61644.56,USD,Zoom,Aug,Q3,
TXN-1465,11/14/2024,Expense,Customer Success,Cust Success,Travel - Salesforce,38889.63,USD,Salesforce,Nov,Q4,
TXN-1190,2024-05-22,Expense,Engineering,Engineering ,Salary - HubSpot,31898.67,USD,HubSpot,May,Q2,
TXN-1205,05/11/2024,Expense,Cloud Infrastructure,Cloud,AWS/Cloud - Delta Airlines,26242.06,USD,Delta Airlines,May,Q2,
TXN-1101,"March 19, 2024",Expense,Marketing,Mktg,Software License - Hilton Hotels,88488.85,USD,Hilton Hotels,Mar,Q1,
TXN-1066,29-02-2024,Expense,Customer Success,Cust Success,Recruiting - Slack,11803.74,USD,Slack,Feb,Q1,
TXN-1113,10-03-2024,Expense,G&A,G and A,Travel - HubSpot,9571.09,USD,HubSpot,Mar,Q1,
TXN-1490,"December 03, 2024",Revenue,Licensing,SALES,Licensing - Redwood Partners,23344.58,USD,Sofia Andersen,Dec,Q4,
TXN-1031,2024-01-26,Expense,G&A,G & A,Software License - WeWork,12886.5,USD,WeWork,Jan,Q1,
TXN-1006,03-01-2024,Revenue,Professional Services,sales,Professional Services - Meridian Bank,12822.66,USD,James Okafor,Jan,Q1,
TXN-1062,07-02-2024,Expense,Engineering,R&D,AWS/Cloud - Deloitte,93977.54,USD,Deloitte,Feb,Q1,
TXN-1071,10/02/2024,Expense,G&A,G and A,AWS/Cloud - Delta Airlines,7786.69,USD,Delta Airlines,Feb,Q1,
TXN-1406,19-10-2024,Expense,Sales,Sales,Office Supplies - Delta Airlines,26624.19,USD,Delta Airlines,Oct,Q4,
TXN-1411,2024-10-31,Expense,Marketing,marketing,AWS/Cloud - Linklaters LLP,49008.37,USD,Linklaters LLP,Oct,Q4,
TXN-1052,22-02-2024,Revenue,Licensing,Sales Dept,Licensing - Redwood Partners,7774.02,USD,Kwame Asante,Feb,Q1,
TXN-1236,"June 15, 2024",Expense,Engineering,R&D,PR Agency - Google Cloud,22349.88,USD,Google Cloud,Jun,Q2,
TXN-1048,12-02-2024,Revenue,Professional Services,SALES,Professional Services - TechNova Ltd,63488.13,USD,Priya Nair,Feb,Q1,
TXN-1451,05-11-2024,Revenue,Licensing,sales,Licensing - Globex Corp,8548.04,USD,Lena Fischer,Nov,Q4,
TXN-1281,23-07-2024,Expense,Engineering,engineering,Legal - Randstad,26847.61,USD,Randstad,Jul,Q3,
TXN-1383,09/28/2024,Expense,Cloud Infrastructure,Cloud,Salary - Zoom,37203.14,USD,Zoom,Sep,Q3,
TXN-1284,"July 15, 2024",Expense,Customer Success,Customer Suc.,Salary - Zoom,38681.67,USD,Zoom,Jul,Q3,
TXN-1505,19/12/2024,Expense,Engineering,Engineering,PR Agency - Delta Airlines,32976.13,USD,Delta Airlines,Dec,Q4,
TXN-1437,15/11/2024,Revenue,Subscription,Sales,Subscription - Orion Media,137466.01,USD,Daniel Müller,Nov,Q4,
TXN-1207,05/03/2024,Expense,Cloud Infrastructure,Cloud Infrastructure,AWS/Cloud - WeWork,24890.85,USD,WeWork,May,Q2,
TXN-1015,Jan-24,Expense,Sales,Sales Dept,Ad Spend - Google Cloud,-4785.93,USD,Google Cloud,Jan,Q1,
TXN-1089,31/03/2024,Revenue,Professional Services,Sales Dept,Professional Services - BlueSky Logistics,25132.28,USD,James Okafor,Mar,Q1,
TXN-1419,10/06/2024,Expense,Customer Success,Customer Suc.,Office Supplies - Delta Airlines,5572.58,USD,Delta Airlines,Oct,Q4,
TXN-1508,"December 29, 2024",Expense,Engineering,Engineering,Travel - Linklaters LLP,17167.63,USD,Linklaters LLP,Dec,Q4,
TXN-1153,25-04-2024,Expense,Customer Success,Customer Suc.,PR Agency - Omnicom Group,23781.25,USD,Omnicom Group,Apr,Q2,
TXN-1346,21-09-2024,Revenue,Subscription,Sales Dept,Subscription - Pinnacle Systems,497286.26,USD,Tom Bradley,Sep,Q3,
TXN-1025,01/05/2024,Expense,Engineering,R&D,Legal - Delta Airlines,82156.2,USD,Delta Airlines,Jan,Q1,
TXN-1262,07/14/2024,Revenue,Professional Services,SALES,Professional Services - ClearPath Finance,16053.82,USD,James Okafor,Jul,Q3,
TXN-1202,May-24,Expense,G&A,General & Admin,Ad Spend - Delta Airlines,12723.46,USD,Delta Airlines,May,Q2,
TXN-1182,"May 11, 2024",Expense,Sales,sales,Software License - Linklaters LLP,23957.92,USD,Linklaters LLP,May,Q2,
TXN-1127,04/22/2024,Revenue,Professional Services,sales,Professional Services - Pinnacle Systems,15008.87,USD,Priya Nair,Apr,Q2,
TXN-1364,14-09-2024,Expense,Marketing,Mktg,Ad Spend - Salesforce,21200.87,USD,Salesforce,Sep,Q3,
TXN-1468,11/28/2024,Expense,G&A,G & A,Office Supplies - Delta Airlines,10315.44,USD,Delta Airlines,Nov,Q4,
TXN-1075,26-02-2024,Expense,Cloud Infrastructure,Cloud Infra,Software License - Accenture,-10775.08,USD,Accenture,Feb,Q1,
TXN-1499,12/14/2024,Expense,Marketing,Mktg,Salary - Hilton Hotels,27988.84,USD,Hilton Hotels,Dec,Q4,
TXN-1438,2024-11-04,Revenue,Subscription,Sales,Subscription - ClearPath Finance,201136.08,USD,Kwame Asante,Nov,Q4,
TXN-1427,"October 06, 2024",Expense,G&A,General & Admin,Contractor - WeWork,36677.71,USD,WeWork,Oct,Q4,
TXN-1110,"March 17, 2024",Expense,G&A,G&A,Travel - HubSpot,9309.53,USD,HubSpot,Mar,Q1,
TXN-1020,01/29/2024,Expense,Sales,SALES,Legal - Hilton Hotels,16705.49,USD,Hilton Hotels,Jan,Q1,
TXN-1308,08/08/2024,Revenue,Licensing,SALES,Licensing - Globex Corp,-6030.69,USD,Tom Bradley,Aug,Q3,refund?
TXN-1356,09/23/2024,Revenue,Licensing,sales,Licensing - Redwood Partners,7157.79,USD,Tom Bradley,Sep,Q3,
TXN-1360,09/15/2024,Expense,Sales,Sales,PR Agency - Accenture,15576.89,USD,Accenture,Sep,Q3,
TXN-1423,Oct-24,Expense,Customer Success,Customer Suc.,Recruiting - HubSpot,16453.87,USD,HubSpot,Oct,Q4,
TXN-1155,2024-04-26,Expense,G&A,G & A,PR Agency - Deloitte,9252.8,USD,Deloitte,Apr,Q2,
TXN-1351,08-09-2024,Revenue,Professional Services,SALES,Professional Services - Vertex Analytics,25402.24,USD,Tom Bradley,Sep,Q3,
TXN-1413,26-10-2024,Expense,Engineering,Engineering,Software License - HubSpot,34135.96,USD,HubSpot,Oct,Q4,
TXN-1080,03/23/2024,Revenue,Subscription,Sales Dept,Subscription - Globex Corp,126901.17,USD,James Okafor,Mar,Q1,
TXN-1046,2024-02-01,Revenue,Professional Services,Sales,Professional Services - BlueSky Logistics,11089.07,USD,Tom Bradley,Feb,Q1,
TXN-1479,"December 12, 2024",Revenue,Subscription,SALES,Subscription - Globex Corp,426544.55,USD,Kwame Asante,Dec,Q4,
TXN-1436,24/11/2024,Revenue,Subscription,SALES,Subscription - Synapse AI,178611.82,USD,Sofia Andersen,Nov,Q4,
TXN-1135,"April 09, 2024",Revenue,Licensing,sales,Licensing - Globex Corp,9902.32,USD,James Okafor,Apr,Q2,
TXN-1237,"June 12, 2024",Expense,Customer Success,CS,Software License - Deloitte,see notes,USD,Deloitte,Jun,Q2,16371.3
TXN-1157,"April 04, 2024",Expense,G&A,G and A,Salary - Omnicom Group,23763.65,USD,Omnicom Group,Apr,Q2,
TXN-1497,"December 21, 2024",Expense,Sales,Sales Dept,Ad Spend - Hilton Hotels,15115.3,USD,Hilton Hotels,Dec,Q4,
TXN-1106,03/27/2024,Expense,Customer Success,CS,AWS/Cloud - Hilton Hotels,18877.07,USD,Hilton Hotels,Mar,Q1,
TXN-1489,"December 26, 2024",Revenue,Licensing,SALES,Licensing - TechNova Ltd,8100.32,USD,Daniel Müller,Dec,Q4,
TXN-1183,2024-05-27,Expense,Sales,SALES,Ad Spend - Randstad,26617.95,USD,Randstad,May,Q2,
TXN-1274,"July 12, 2024",Expense,Marketing,MARKETING,Office Supplies - Omnicom Group,49553.05,USD,Omnicom Group,Jul,Q3,
TXN-1061,02/28/2024,Expense,Marketing,Mktg,Contractor - Hilton Hotels,38970.34,USD,Hilton Hotels,,,
TXN-1208,28-06-2024,Revenue,Subscription,Sales,Subscription - Apex Retail,492234.64,USD,Aisha Rahman,Jun,Q2,
TXN-1160,2024-04-21,Expense,Cloud Infrastructure,cloud infra,Legal - Hilton Hotels,24259.65,USD,Hilton Hotels,Apr,Q2,
TXN-1238,Jun-24,Expense,Customer Success,Customer Success,Recruiting - Deloitte,12779.13,USD,Deloitte,Jun,Q2,
TXN-1230,Jun-24,Expense,Marketing,Mktg,Software License - Accenture,44149.16,USD,Accenture,Jun,Q2,
TXN-1084,Mar-24,Revenue,Professional Services,SALES,Professional Services - Orion Media,24024.83,USD,Kwame Asante,Mar,Q1,
TXN-1054,"February 06, 2024",Expense,Sales,Sales Dept,Legal - Hilton Hotels,9567.37,USD,Hilton Hotels,Feb,Q1,
TXN-1079,"March 16, 2024",Revenue,Subscription,sales,Subscription - TechNova Ltd,192217.56,USD,Aisha Rahman,Mar,Q1,
TXN-1055,2024-02-14,Expense,Sales,Sales,Software License - Omnicom Group,24151.27,USD,Omnicom Group,Feb,Q1,
TXN-1299,14-08-2024,Revenue,Subscription,sales,Subscription - Globex Corp,207904.87,USD,James Okafor,Aug,Q3,
TXN-1394,2024-10-02,Revenue,Subscription,Sales,Subscription - Meridian Bank,130345.27,USD,Priya Nair,Oct,Q4,
TXN-1399,Oct-24,Revenue,Professional Services,sales,Professional Services - TechNova Ltd,21777.8,USD,Daniel Müller,Oct,Q4,
TXN-1069,03-02-2024,Expense,G&A,General & Admin,Recruiting - Delta Airlines,7136.24,USD,Delta Airlines,Feb,Q1,
TXN-1103,17/03/2024,Expense,Engineering,engineering,Salary - Delta Airlines,83834.87,USD,Delta Airlines,Mar,Q1,
TXN-1483,"December 03, 2024",Revenue,Professional Services,Sales,Professional Services - ClearPath Finance,12318.99,USD,Sofia Andersen,Dec,Q4,
TXN-1038,2024-01-16,Expense,Cloud Infrastructure,Cloud Infra,Ad Spend - Randstad,17690.91,USD,Randstad,Jan,Q1,
TXN-1119,2024-04-23,Revenue,Subscription,Sales Dept,Subscription - Meridian Bank,87069.96,USD,Daniel Müller,Apr,Q2,
TXN-1139,27/04/2024,Expense,Marketing,Mktng,Salary - Accenture,33681.55,USD,Accenture,Apr,Q2,
TXN-1231,06/21/2024,Expense,Marketing,Mktng,Legal - Google Cloud,44052.32,USD,Google Cloud,Jun,Q2,
TXN-1162,23-05-2024,Revenue,Subscription,Sales,Subscription - Altura Health,150303.33,USD,Kwame Asante,May,Q2,
TXN-1167,31/05/2024,Revenue,Professional Services,SALES,Professional Services - Apex Retail,18561.63,USD,Aisha Rahman,May,Q2,
TXN-1376,Sep-24,Expense,Customer Success,Cust Success,Ad Spend - AWS,19192.1,USD,AWS,Sep,Q3,
TXN-1425,14-10-2024,Expense,G&A,G & A,Contractor - Deloitte,6409.59,USD,Deloitte,Oct,Q4,
TXN-1358,2024-09-23,Revenue,Licensing,Sales,Licensing - Globex Corp,11526.47,USD,Lena Fischer,Sep,Q3,
TXN-1201,20-05-2024,Expense,G&A,G&A,Office Supplies - Salesforce,15847.41,USD,Salesforce,May,Q2,
TXN-1410,Oct-24,Expense,Marketing,MARKETING,Recruiting - Google Cloud,27190.14,USD,Google Cloud,Oct,Q4,
TXN-1474,13/11/2024,Expense,Cloud Infrastructure,cloud infra,Travel - HubSpot,38410.74,USD,HubSpot,Nov,Q4,
TXN-1161,04/20/2024,Expense,Cloud Infrastructure,Cloud Infra,Contractor - Google Cloud,47916.7,USD,Google Cloud,Apr,Q2,
TXN-1435,Nov-24,Revenue,Subscription,sales,Subscription - Vertex Analytics,216608.07,USD,Priya Nair,Nov,Q4,
TXN-1511,24-12-2024,Expense,Customer Success,Customer Suc.,Travel - Delta Airlines,8160.57,USD,Delta Airlines,Dec,Q4,
TXN-1149,"April 13, 2024",Expense,Engineering,Engineering ,Legal - HubSpot,-9645.64,USD,HubSpot,Apr,Q2,
TXN-1121,2024-04-16,Revenue,Subscription,sales,Subscription - Orion Media,159598.23,USD,Tom Bradley,Apr,Q2,
TXN-1133,13/04/2024,Revenue,Licensing,Sales Dept,Licensing - Redwood Partners,8178.69,USD,Kwame Asante,Apr,Q2,
TXN-1445,"November 01, 2024",Revenue,Professional Services,SALES,Professional Services - TechNova Ltd,30746.2,USD,Sofia Andersen,Nov,Q4,
TXN-1063,2024-02-27,Expense,Engineering,Eng,Travel - Accenture,23175.55,USD,Accenture,Feb,Q1,
TXN-1076,2024-02-17,Expense,Cloud Infrastructure,CLOUD,AWS/Cloud - Delta Airlines,20736.58,USD,Delta Airlines,Feb,Q1,
TXN-1403,"October 06, 2024",Revenue,Licensing,Sales Dept,Licensing - Synapse AI,32394.1,USD,Priya Nair,Oct,Q4,
TXN-1136,Apr-24,Expense,Sales,sales,PR Agency - Accenture,44677.13,USD,Accenture,Apr,Q2,
TXN-1097,03/07/2024,Expense,Sales,Sales,Recruiting - Deloitte,23256.83,USD,Deloitte,Mar,Q1,
TXN-1086,2024-03-23,Revenue,Professional Services,sales,Professional Services - Apex Retail,18805.7,USD,Daniel Müller,Mar,Q1,
TXN-1469,"November 05, 2024",Expense,G&A,General & Admin,Travel - Hilton Hotels,27339.38,USD,Hilton Hotels,Nov,Q4,
TXN-1381,11-09-2024,Expense,G&A,G&A,PR Agency - Delta Airlines,8480.1,USD,Delta Airlines,Sep,Q3,
TXN-1422,10-10-2024,Expense,Customer Success,Customer Success,AWS/Cloud - Randstad,9049.39,USD,Randstad,Oct,Q4,